"session_date","n_GeoObjects"
2005-01-01 00:00:00,3278
2005-02-18 14:12:24,1
2005-02-22 13:48:40,1
2005-03-01 11:09:46,2
2005-03-01 15:59:16,12
2005-03-02 12:43:45,2
2005-03-07 14:53:16,6
2005-03-08 16:43:18,1
2005-03-10 09:27:50,2
2005-03-10 09:58:43,24
2005-03-11 16:33:02,6
2005-03-14 10:00:40,14
2005-03-15 14:02:35,1
2005-03-15 14:24:53,5
2005-03-15 15:27:33,14
2005-03-15 15:46:41,8
2005-03-16 09:08:00,49
2005-03-17 10:37:59,2
2005-03-17 16:05:02,6
2005-03-21 09:11:27,58
2005-03-22 10:02:54,7
2005-05-04 11:01:56,2
2005-06-07 10:06:35,41
2005-06-15 13:50:35,2
2005-06-30 09:45:23,2
2005-07-08 09:48:14,5
2005-07-12 08:54:12,3
2005-07-13 08:55:47,3
2005-07-14 08:53:34,3
2005-07-18 08:53:25,1
2005-07-19 08:53:03,2
2005-07-20 08:54:20,1
2005-07-20 10:30:44,3
2005-07-22 08:56:02,1
2005-07-25 14:12:06,3
2005-07-26 08:54:10,23
2005-07-26 10:46:24,1
2005-07-27 08:47:39,13
2005-07-27 11:14:06,42
2005-07-27 12:30:30,14
2005-07-27 14:40:54,2
2005-07-28 15:56:44,3
2005-07-29 08:50:56,15
2005-08-01 09:07:44,27
2005-08-01 14:06:15,4
2005-08-01 14:48:11,3
2005-08-02 08:51:28,16
2005-08-02 10:04:50,1
2005-08-02 11:44:33,19
2005-08-03 09:04:05,18
2005-08-03 14:09:01,7
2005-08-03 14:59:52,2
2005-08-04 14:07:48,2
2005-08-25 10:02:05,6
2005-08-25 12:53:57,1
2005-08-25 13:58:57,2
2005-08-29 16:45:43,19
2005-08-30 08:55:45,3
2005-08-31 15:11:36,1
2005-09-01 08:44:25,23
2005-09-02 14:10:01,5
2005-09-05 09:04:53,16
2005-09-06 09:04:11,5
2005-09-30 16:34:12,34
2005-10-14 13:58:22,13
2005-10-18 09:07:18,7
2005-10-18 11:41:21,20
2005-10-19 09:54:51,6
2005-10-19 12:18:46,15
2005-10-24 11:23:09,11
2005-10-25 08:50:20,5
2006-01-13 09:53:53,19
2006-01-13 14:20:18,1
2006-03-16 10:37:03,4
2006-03-16 16:12:35,2
2006-03-20 14:45:56,1
2006-03-22 15:20:10,4
2006-03-23 12:10:41,1
2006-03-24 08:44:07,3
2006-03-28 12:33:21,1
2006-03-29 12:07:21,2
2006-03-30 09:45:26,1
2006-03-30 11:32:25,9
2006-04-03 11:17:09,4
2006-04-04 09:42:08,4
2006-04-05 10:14:34,6
2006-04-06 14:59:04,3987
2006-04-20 10:41:25,6
2006-04-24 17:03:12,1
2006-05-11 10:19:12,1
2006-05-11 11:33:33,3
2006-05-11 14:05:08,4
2006-05-11 15:55:01,1
2006-05-12 08:45:38,19
2006-05-12 12:08:57,24
2006-05-22 15:21:07,4
2006-05-24 10:25:30,1
2006-06-06 11:34:22,1
2006-06-06 11:45:17,2
2006-07-19 10:45:07,1
2006-07-20 09:33:30,11
2006-07-20 12:44:58,22
2006-07-24 08:59:33,8
2006-07-24 12:29:28,15
2006-07-25 09:35:34,36
2006-07-26 09:06:36,57
2006-07-27 08:56:47,44
2006-07-27 12:17:24,37
2006-07-28 08:58:35,35
2006-07-28 12:51:07,14
2006-07-31 08:57:56,52
2006-07-31 12:53:47,12
2006-08-03 10:39:44,50
2006-08-18 15:26:58,17
2006-09-25 13:30:22,1
2006-09-25 14:51:27,1
2006-09-25 15:53:08,1
2006-09-26 09:57:28,1
2006-09-26 10:06:07,1
2006-09-26 11:45:57,1
2006-09-26 13:42:30,5
2006-09-27 09:33:19,6
2006-09-28 16:37:24,4
2006-09-29 08:52:02,7
2006-10-04 14:45:43,9
2006-10-04 17:07:37,1
2006-10-05 15:47:02,4
2006-10-16 09:36:54,28
2006-10-27 14:51:22,1
2006-10-27 16:36:30,4
2006-11-08 09:49:22,12
2006-11-09 10:09:45,5
2006-11-14 15:56:03,6
2006-11-16 09:42:50,16
2006-11-17 09:50:19,8
2006-11-17 15:43:41,3
2006-11-30 16:42:25,1
2006-12-19 10:15:18,6
2007-01-10 11:00:27,3
2007-01-11 17:24:13,1
2007-01-22 12:31:54,6
2007-02-05 11:41:00,1
2007-02-14 11:49:48,1
2007-06-01 15:43:12,1
2007-06-18 11:13:16,2
2007-06-20 11:07:48,2
2007-06-27 12:15:40,1
2007-07-04 16:54:51,1
2007-07-10 01:31:48,1
2007-09-21 14:57:12,3
2007-09-24 08:47:06,20
2007-09-25 08:40:19,38
2007-09-26 09:29:21,29
2007-09-27 08:48:29,50
2007-09-28 10:28:49,14
2007-10-01 10:48:42,6
2007-10-08 16:10:18,1
2007-10-09 08:39:25,37
2007-10-10 08:39:24,49
2007-10-11 08:37:38,43
2007-10-12 08:51:01,2
2007-10-18 17:51:15,853
2007-10-22 08:40:44,13
2007-10-24 16:03:44,1
2007-10-26 12:54:25,1
2007-11-02 15:09:53,5
2007-11-03 15:16:50,2
2007-11-07 11:06:37,1
2007-11-08 08:37:08,6
2007-11-16 08:39:00,1
2007-11-16 14:18:49,629
2007-11-16 14:34:37,6
2007-11-16 15:42:20,13
2007-11-19 08:52:04,143
2007-11-24 16:00:54,2
2007-12-04 14:10:33,4
2007-12-05 11:19:09,101
2007-12-06 08:45:10,3
2007-12-07 09:03:48,85
2007-12-07 13:54:27,35
2007-12-10 08:38:50,117
2007-12-11 08:40:59,73
2007-12-13 08:38:01,24
2007-12-17 08:38:19,36
2007-12-27 00:00:57,2
2008-01-02 11:42:08,68
2008-01-03 08:55:52,1
2008-01-03 13:47:44,15
2008-01-04 08:42:55,33
2008-01-07 08:39:55,15
2008-01-16 15:18:30,2
2008-01-17 13:56:06,6
2008-01-18 09:05:58,8
2008-01-29 15:03:35,1
2008-01-30 08:46:55,21
2008-01-31 08:44:13,9
2008-02-11 12:39:07,4
2008-02-11 14:09:49,5
2008-02-12 08:40:30,5
2008-02-13 08:39:07,2
2008-02-13 09:22:03,19
2008-02-14 08:35:45,10
2008-02-14 12:38:14,10
2008-02-15 08:36:19,18
2008-02-18 08:53:19,6
2008-02-18 16:06:16,2
2008-02-19 08:30:26,19
2008-03-07 11:37:22,9
2008-03-10 13:34:11,8
2008-03-11 08:28:54,10
2008-03-20 09:56:07,10
2008-04-01 08:39:08,9
2008-04-02 10:32:36,13
2008-04-03 08:45:40,40
2008-04-04 11:16:18,37
2008-04-07 08:31:16,82
2008-04-17 11:16:19,3
2008-04-17 14:30:34,11
2008-04-18 15:28:08,7
2008-04-21 08:37:11,27
2008-04-21 14:48:10,1
2008-04-22 16:05:02,12
2008-04-23 12:31:45,1
2008-04-23 15:36:50,4
2008-05-28 09:14:50,3
2008-05-29 10:10:06,3
2008-06-02 09:32:40,14
2008-06-05 15:18:35,6
2008-06-09 08:46:39,14
2008-06-09 15:41:28,6
2008-06-10 08:41:15,17
2008-06-10 11:47:05,17
2008-06-11 08:30:23,25
2008-06-11 09:18:24,2
2008-06-12 08:37:07,26
2008-06-16 13:02:14,136
2008-06-23 14:33:06,1
2008-07-07 09:05:51,5
2008-07-08 10:59:33,15
2008-07-08 14:09:37,6
2008-07-08 14:57:39,19
2008-07-08 16:20:33,4
2008-07-09 08:38:11,46
2008-07-09 09:15:49,28
2008-07-09 14:19:09,17
2008-07-09 15:01:29,15
2008-07-10 09:16:16,72
2008-07-10 10:03:23,19
2008-07-10 13:43:57,1
2008-07-10 14:05:05,19
2008-07-14 08:52:31,131
2008-07-14 09:20:14,22
2008-07-14 11:43:12,6
2008-07-15 08:49:35,105
2008-07-15 10:22:04,36
2008-07-15 15:25:20,12
2008-07-15 16:22:27,4
2008-07-16 08:47:21,48
2008-07-16 09:23:44,2
2008-07-16 12:19:52,14
2008-07-16 15:22:10,16
2008-07-17 08:47:47,4
2008-07-17 10:49:40,38
2008-07-18 08:40:34,19
2008-07-18 15:54:48,7
2008-07-22 08:40:59,46
2008-07-23 08:49:15,47
2008-07-24 08:49:57,80
2008-07-25 08:38:20,5
2008-08-11 11:07:04,2
2008-08-11 11:53:40,1
2008-08-13 15:58:27,1
2008-08-18 13:53:15,3
2008-08-25 11:40:20,1
2008-08-25 13:40:43,4
2008-08-26 12:26:20,36
2008-08-27 09:13:14,3
2008-08-28 08:33:13,54
2008-08-29 08:46:48,12
2008-09-01 08:40:34,39
2008-09-05 10:58:28,1
2008-09-08 08:54:08,1
2008-09-16 10:32:13,2
2008-09-16 17:29:31,455
2008-09-17 15:45:44,3
2008-09-19 08:51:38,34
2008-09-22 08:48:12,55
2008-09-28 08:52:08,1
2008-10-17 09:23:08,31
2008-10-20 08:34:21,56
2008-11-17 14:16:28,1
2008-11-17 17:14:11,1
2008-11-19 10:29:57,1
2008-11-24 16:16:17,2
2008-11-25 08:52:57,5
2008-12-03 15:01:37,1
2008-12-18 10:38:47,7
2008-12-21 09:36:40,2
2008-12-22 12:05:46,6
2008-12-23 08:43:20,40
2008-12-23 17:50:21,112
2008-12-30 09:49:20,1
2009-01-12 14:47:36,2
2009-01-19 08:49:28,20
2009-01-20 09:36:04,14
2009-01-20 10:41:00,1
2009-01-20 11:38:41,33
2009-01-22 10:06:10,4
2009-01-23 10:32:56,7
2009-01-23 12:51:33,1
2009-01-26 08:33:32,17
2009-01-27 11:41:45,24
2009-01-28 08:56:32,15
2009-01-28 10:09:24,11
2009-01-29 08:53:06,26
2009-01-29 16:14:37,5
2009-01-30 10:55:55,10
2009-02-02 14:00:40,17
2009-02-09 10:01:46,7
2009-02-10 09:04:50,10
2009-02-11 08:39:02,1
2009-02-19 08:49:34,2
2009-02-20 10:20:00,3
2009-02-24 09:16:10,2
2009-02-25 10:00:16,11
2009-02-27 08:43:44,2
2009-02-27 12:21:46,10
2009-03-05 14:00:21,54
2009-03-26 09:52:19,1
2009-03-26 10:01:54,29
2009-03-30 09:27:27,2
2009-04-14 09:34:50,1
2009-04-20 13:28:59,5
2009-04-22 14:40:37,3
2009-04-23 14:42:51,4
2009-04-23 17:01:43,1
2009-04-23 17:38:34,1
2009-04-24 15:36:47,4
2009-04-28 12:00:50,1
2009-04-29 08:22:24,3
2009-04-30 11:57:14,1
2009-05-04 09:00:09,20
2009-05-04 14:52:05,1
2009-05-05 08:34:35,2
2009-05-05 19:38:55,2
2009-05-06 11:02:29,1
2009-05-06 16:08:30,1
2009-05-07 10:58:31,3
2009-05-08 09:33:58,1
2009-05-08 11:26:56,2
2009-05-08 15:11:46,1
2009-05-11 08:49:45,30
2009-05-11 14:01:41,14
2009-05-11 15:15:09,6
2009-05-12 08:25:59,1
2009-05-14 11:01:06,1
2009-05-18 10:53:43,9
2009-05-18 17:25:03,59
2009-05-20 09:04:37,1
2009-05-20 15:39:48,232
2009-05-26 09:50:03,3
2009-05-29 08:52:25,2
2009-06-04 09:33:55,2
2009-06-05 09:30:21,1
2009-06-08 14:14:13,1
2009-06-11 08:51:54,14
2009-06-11 11:12:31,4
2009-06-11 11:40:29,5
2009-06-11 15:37:15,1
2009-06-15 10:56:25,2
2009-06-15 12:09:38,5
2009-06-23 13:45:29,1
2009-06-26 10:58:06,3
2009-06-30 11:09:12,1
2009-06-30 11:58:23,3
2009-06-30 14:12:42,3
2009-07-01 10:38:09,1
2009-07-01 10:40:59,1
2009-07-01 10:58:00,1
2009-07-01 16:11:12,1
2009-07-01 17:06:29,1
2009-07-02 08:35:18,1
2009-07-03 13:50:56,2
2009-07-09 11:10:44,1
2009-07-22 09:08:14,2
2009-07-23 08:32:53,2
2009-07-23 08:59:38,5
2009-07-23 12:15:46,4
2009-07-23 14:33:24,1
2009-07-28 10:21:35,8
2009-07-28 12:04:49,1
2009-07-29 08:45:29,4
2009-07-30 08:41:53,5
2009-07-31 15:58:12,1
2009-08-04 16:40:08,1
2009-08-05 08:40:24,5
2009-08-05 09:10:11,1
2009-08-07 14:56:09,3
2009-08-10 09:15:59,1
2009-08-10 09:19:35,20
2009-08-19 09:10:24,1
2009-08-24 08:41:00,22
2009-08-24 13:45:38,5
2009-08-24 14:44:54,1
2009-08-25 14:31:17,1
2009-08-26 16:36:29,3
2009-08-27 10:56:11,5
2009-08-28 09:55:57,9
2009-09-01 11:49:58,1
2009-09-02 10:08:17,3
2009-09-04 10:22:19,1
2009-09-08 08:48:31,2
2009-09-10 13:46:56,1
2009-09-14 08:45:46,3
2009-09-15 09:18:42,1
2009-09-15 10:03:05,14
2009-09-16 10:30:34,10
2009-09-17 10:08:00,11
2009-09-18 10:02:39,10
2009-09-21 11:10:59,9
2009-09-22 10:45:07,3
2009-09-23 15:24:30,1
2009-09-24 10:26:28,4
2009-09-25 10:32:04,7
2009-09-28 12:06:50,4
2009-09-29 10:11:01,14
2009-09-29 15:17:06,1
2009-09-30 11:35:44,4
2009-10-02 10:39:21,5
2009-10-05 10:21:14,3
2009-10-06 10:01:39,4
2009-10-07 09:46:15,3
2009-10-08 11:46:29,7
2009-10-09 09:43:05,15
2009-10-12 11:13:06,1
2009-10-13 08:19:02,2
2009-10-15 12:35:25,1
2009-10-19 11:50:43,3
2009-10-20 15:32:24,5
2009-10-26 15:16:49,4
2009-10-27 09:27:04,1
2009-10-27 09:42:44,9
2009-10-27 14:59:56,9
2009-11-12 12:16:18,6
2009-11-13 09:57:29,7
2009-11-13 13:49:02,3
2009-11-18 11:23:07,1
2009-11-19 11:25:47,2
2009-11-19 12:40:07,2
2009-12-01 08:46:20,1
2009-12-01 08:58:46,6
2009-12-01 14:46:42,1
2009-12-02 09:08:54,2
2009-12-14 14:09:07,10
2009-12-14 14:14:12,1
2009-12-14 14:20:45,1
2009-12-15 09:47:26,5
2009-12-15 10:22:39,2
2009-12-16 09:36:56,4
2010-01-04 15:12:28,1
2010-01-13 14:09:53,1
2010-02-19 11:24:37,1
2010-02-24 11:35:15,2
2010-03-12 11:40:32,1
2010-03-16 08:51:12,4
2010-03-16 10:29:17,9
2010-03-26 09:13:57,1
2010-04-07 11:00:40,7
2010-04-07 11:56:36,1
2010-04-12 12:16:17,3
2010-04-13 12:30:29,1
2010-04-19 09:49:24,6
2010-04-19 11:17:47,12
2010-04-20 08:51:05,1
2010-04-20 09:07:12,8
2010-05-04 08:59:26,2
2010-05-05 11:40:53,1
2010-07-12 09:04:55,1
2010-07-12 12:05:40,1
2010-07-13 09:46:59,1
2010-07-27 09:20:43,2
2010-07-27 09:43:56,5
2010-08-02 13:44:03,28
2010-08-03 10:27:19,5
2010-08-04 08:47:07,36
2010-08-05 08:53:33,59
2010-08-06 09:42:52,13
2010-08-06 12:37:41,2
2010-08-06 13:33:35,6
2010-08-09 08:54:50,84
2010-08-09 15:44:53,2
2010-08-10 09:10:22,6
2010-08-10 09:34:04,25
2010-08-10 10:44:08,13
2010-08-10 11:07:30,8
2010-08-10 11:22:46,23
2010-08-10 12:26:02,60
2010-08-10 16:00:57,12
2010-08-10 16:30:14,1
2010-08-11 10:02:42,53
2010-08-11 11:24:57,1
2010-08-11 12:28:38,13
2010-08-11 15:58:45,34
2010-08-12 08:48:31,34
2010-08-12 09:59:29,72
2010-08-12 11:57:48,3
2010-08-13 09:32:02,39
2010-08-13 11:23:17,53
2010-08-13 14:06:28,1
2010-08-13 14:25:38,1
2010-08-13 15:43:40,1
2010-08-16 08:42:30,8
2010-08-16 08:47:27,115
2010-08-17 08:50:02,36
2010-08-23 12:04:01,16
2010-08-30 08:55:23,39
2010-08-31 08:51:07,1
2010-08-31 13:37:54,5
2010-09-02 10:50:37,12
2010-09-29 10:27:37,1
2010-09-29 14:21:10,1
2010-10-12 11:56:22,2
2010-10-12 17:23:58,1
2010-11-22 11:19:39,2
2010-11-22 12:39:10,1
2010-11-26 14:03:15,2
2010-11-29 14:21:58,1
2010-11-30 11:47:35,7
2010-12-22 11:56:24,1
2011-01-03 08:31:17,1
2011-01-11 14:00:17,4
2011-01-12 08:42:37,8
2011-01-12 10:07:55,2
2011-01-13 10:27:08,4
2011-01-13 11:41:21,2
2011-01-20 15:03:27,1
2011-01-20 15:12:44,17
2011-01-21 14:54:58,2
2011-01-21 14:58:26,32
2011-01-24 10:43:12,3
2011-02-02 12:32:48,1
2011-03-16 21:56:16,1
2011-03-31 09:34:54,24
2011-04-01 08:49:18,10
2011-04-01 18:36:23,1
2011-04-05 09:55:07,12
2011-04-22 08:42:26,1
2011-04-22 11:03:46,1
2011-04-26 10:42:22,1
2011-04-26 21:22:19,1
2011-04-27 11:08:48,19
2011-05-09 12:13:54,1
2011-05-11 14:59:46,1
2011-05-17 15:10:16,9
2011-05-17 15:51:54,1
2011-05-18 10:30:24,1
2011-05-19 09:03:49,1
2011-05-25 09:08:16,1
2011-05-26 14:51:42,10
2011-05-27 08:57:54,40
2011-05-30 10:38:46,3
2011-05-30 11:18:44,1
2011-05-31 16:10:38,2
2011-06-16 11:25:05,5
2011-06-22 11:36:26,1
2011-08-01 14:29:41,5
2011-08-05 08:22:37,3
2011-08-22 08:44:57,1
2011-08-24 10:27:44,1
2011-08-25 09:29:00,2
2011-08-26 14:15:37,14
2011-08-29 15:27:16,18
2011-08-29 20:17:27,19
2011-08-30 12:36:09,4
2011-09-01 07:56:15,11
2011-09-01 08:27:23,3
2011-09-02 08:23:34,1
2011-09-02 12:19:23,33
2011-09-05 11:31:05,204
2011-09-05 14:53:45,57
2011-09-06 08:38:56,162
2011-09-08 14:22:55,10
2011-09-09 09:08:55,17
2011-09-12 12:50:58,1
2011-09-13 08:22:17,5
2011-09-13 08:35:12,25
2011-09-14 10:58:50,1
2011-09-21 09:54:48,5
2011-10-11 15:07:33,4
2011-10-12 08:21:16,67
2011-10-12 11:53:56,1
2011-10-13 10:18:09,1
2011-10-21 08:21:32,11
2011-10-24 08:46:52,7
2011-10-24 09:46:12,11
2011-10-24 12:34:44,1
2011-10-25 08:16:10,1
2011-10-25 14:06:09,9
2011-10-27 10:49:14,1
2011-11-01 08:38:37,6
2011-11-03 10:57:09,1
2011-11-18 09:55:22,1
2011-11-29 13:30:42,1
2011-12-12 11:00:51,1
2012-02-02 09:31:32,79
2012-02-06 14:47:13,3
2012-02-13 08:53:26,1
2012-02-17 17:17:20,1
2012-02-20 09:49:32,1
2012-02-21 11:16:21,5
2012-02-22 15:20:18,1
2012-03-13 07:49:46,14
2012-03-21 10:41:56,1
2012-04-18 16:52:20,2
2012-04-18 17:21:38,2
2012-07-05 09:09:18,11
2012-07-06 09:16:25,40
2012-07-09 09:13:52,8
2012-07-09 14:25:41,3
2012-07-10 09:16:10,5
2012-07-12 09:03:22,3
2012-07-20 11:37:28,1
2012-07-23 11:05:42,4
2012-07-23 11:32:07,1
2012-07-23 12:18:10,1
2012-07-23 14:31:33,1
2012-07-23 15:20:57,2
2012-07-24 10:13:51,2
2012-07-24 12:27:21,6
2012-07-24 15:15:31,1
2012-07-24 15:41:28,1
2012-07-25 08:49:59,4
2012-07-25 10:42:59,3
2012-07-25 14:36:03,7
2012-07-26 08:57:16,2
2012-07-26 09:50:23,11
2012-07-26 11:48:25,6
2012-07-26 14:56:43,2
2012-07-27 11:57:50,3
2012-07-27 13:39:10,1
2012-07-30 09:06:32,2
2012-07-30 09:26:22,4
2012-07-30 10:19:02,4
2012-07-30 10:48:54,2
2012-07-30 11:31:43,1
2012-07-30 11:34:42,4
2012-07-30 12:21:26,6
2012-07-30 14:36:51,4
2012-07-31 09:44:31,2
2012-07-31 11:59:59,5
2012-07-31 14:16:20,3
2012-08-06 14:17:53,2
2012-08-06 14:34:59,17
2012-08-07 08:51:16,6
2012-08-07 09:51:23,39
2012-08-07 11:07:20,28
2012-08-07 11:58:59,10
2012-08-07 12:28:07,18
2012-08-07 14:15:09,11
2012-08-07 14:39:33,26
2012-08-07 15:55:50,5
2012-08-07 16:18:07,1
2012-08-08 08:53:14,21
2012-08-08 09:43:46,13
2012-08-08 11:04:09,14
2012-08-08 11:50:05,6
2012-08-08 12:16:26,7
2012-08-08 12:45:45,27
2012-08-08 15:12:30,6
2012-08-08 15:35:03,9
2012-08-09 09:11:39,8
2012-08-09 09:28:51,9
2012-08-09 09:51:29,6
2012-08-09 10:17:47,1
2012-08-09 10:22:47,4
2012-08-09 10:38:47,3
2012-08-09 10:48:35,2
2012-08-09 11:06:40,4
2012-08-09 11:18:20,3
2012-08-09 11:41:19,4
2012-08-09 11:54:35,4
2012-08-09 12:05:44,9
2012-08-09 12:31:25,1
2012-08-09 12:41:05,1
2012-08-09 12:48:27,8
2012-08-09 14:00:02,5
2012-08-09 14:06:41,1
2012-08-09 14:22:07,4
2012-08-09 14:33:44,22
2012-08-09 16:03:28,2
2012-08-09 16:23:16,2
2012-08-10 08:48:50,17
2012-08-10 09:39:24,1
2012-08-10 09:58:51,7
2012-08-10 10:15:30,7
2012-08-10 10:54:46,6
2012-08-10 11:09:50,4
2012-08-10 11:23:21,15
2012-08-10 11:58:43,8
2012-08-10 12:18:15,7
2012-08-10 12:45:26,5
2012-08-10 12:58:33,26
2012-08-10 14:22:17,5
2012-08-10 14:35:57,1
2012-08-10 14:46:03,22
2012-08-13 09:03:05,5
2012-08-13 09:47:40,22
2012-08-13 11:36:36,10
2012-08-13 12:03:36,5
2012-08-13 12:59:47,17
2012-08-13 14:29:15,14
2012-08-13 16:00:44,2
2012-08-14 09:38:57,1
2012-08-14 10:22:01,1
2012-08-14 10:45:13,2
2012-08-14 11:35:37,3
2012-08-14 12:26:05,16
2012-08-14 12:55:00,1
2012-08-14 14:57:10,18
2012-08-16 08:11:19,16
2012-08-16 09:17:29,4
2012-08-16 09:47:39,14
2012-08-16 15:22:56,12
2012-08-23 08:57:02,68
2012-09-03 09:26:47,1
2012-09-05 13:45:50,1
2012-09-07 12:47:25,1
2012-09-07 14:14:05,2
2012-09-10 10:48:15,3
2012-09-19 13:11:39,2
2012-09-20 08:15:26,1
2012-09-20 08:39:32,2
2012-09-20 09:20:15,2
2012-09-21 09:33:27,1
2012-09-26 16:23:19,1
2012-10-08 10:00:08,1
2012-10-29 14:22:32,2
2012-10-29 14:47:01,6
2012-11-05 09:02:51,1
2012-11-05 18:10:49,1
2012-11-08 15:02:30,1
2012-11-09 12:28:26,1
2012-11-12 11:36:37,1
2012-11-12 11:39:27,1
2012-11-15 13:37:13,2
2012-11-15 20:20:56,2
2012-11-16 10:09:28,1
2012-11-16 13:40:53,1
2012-11-16 14:35:59,1
2012-11-19 10:36:02,16
2012-11-19 13:58:16,3
2012-11-20 09:06:14,3
2012-11-23 09:50:34,3
2012-11-26 20:00:35,2
2012-11-28 12:38:00,2
2012-11-29 15:24:59,1
2012-12-03 08:49:48,1
2012-12-05 08:57:59,1
2012-12-17 09:06:07,1
2012-12-18 09:00:19,28
2013-01-06 11:19:33,1
2013-01-07 12:36:27,3
2013-01-08 09:32:35,1
2013-01-10 12:45:49,1
2013-01-14 12:23:30,1
2013-01-15 09:31:14,1
2013-01-21 10:51:38,4
2013-01-22 09:19:43,36
2013-01-23 08:37:23,10
2013-01-31 07:40:07,7
2013-01-31 09:03:29,7
2013-02-12 14:00:13,4
2013-02-13 10:35:47,5
2013-02-18 11:40:36,6
2013-02-19 08:58:35,1
2013-02-21 08:29:38,27
2013-02-21 09:12:12,2
2013-02-22 08:35:09,17
2013-03-05 14:10:39,1
2013-03-05 14:16:24,7
2013-03-06 08:59:08,37
2013-03-10 01:30:20,2
2013-03-10 18:51:23,3
2013-03-11 11:09:56,1
2013-03-14 13:32:56,1
2013-03-21 09:42:34,77
2013-03-25 13:27:33,1
2013-04-02 14:38:34,1
2013-04-03 09:10:27,1
2013-04-04 08:11:52,6
2013-04-11 08:31:00,2
2013-04-18 15:47:40,1
2013-04-19 17:34:24,2868
2013-04-30 10:44:43,2
2013-05-07 15:26:05,4
2013-05-08 08:51:41,1
2013-05-13 12:54:49,1
2013-05-17 11:57:49,1
2013-05-17 13:52:56,2
2013-05-29 10:55:32,1
2013-05-29 13:20:28,6
2013-05-29 15:48:08,1
2013-05-30 11:44:44,12
2013-05-31 12:08:26,1
2013-06-04 09:49:32,3
2013-06-07 12:53:22,2
2013-06-07 16:27:13,147
2013-06-13 16:15:15,1
2013-07-01 11:05:24,38
2013-07-02 08:48:49,7
2013-07-19 12:09:56,22
2013-07-22 08:17:17,54
2013-07-25 08:50:14,112
2013-07-25 09:18:22,1
2013-07-26 08:20:50,27
2013-07-26 13:46:58,1
2013-07-29 09:22:56,1
2013-08-05 10:06:08,26
2013-08-05 13:40:36,26
2013-08-06 09:08:54,37
2013-08-06 10:38:13,4
2013-08-06 13:42:47,39
2013-08-07 08:56:35,1
2013-08-07 09:07:34,47
2013-08-07 13:41:30,27
2013-08-08 08:56:14,51
2013-08-08 13:36:26,72
2013-08-08 14:29:41,1
2013-08-09 09:16:25,78
2013-08-09 14:09:50,27
2013-08-12 09:26:09,68
2013-08-13 08:55:15,61
2013-08-13 13:30:56,55
2013-08-14 09:03:40,78
2013-08-14 13:36:53,60
2013-08-16 09:05:45,53
2013-08-16 13:19:26,16
2013-08-19 08:59:41,77
2013-08-19 13:25:47,69
2013-08-20 08:47:55,1
2013-08-20 08:55:22,74
2013-08-20 13:37:07,52
2013-08-21 09:05:21,76
2013-08-21 13:34:08,62
2013-08-22 08:53:26,83
2013-08-22 13:35:45,32
2013-08-23 09:00:10,80
2013-08-23 13:34:19,102
2013-08-26 09:02:04,4
2013-08-26 09:10:00,1
2013-08-26 09:17:34,53
2013-08-26 12:04:27,8
2013-08-26 13:32:50,1
2013-08-26 13:46:52,92
2013-08-27 08:53:40,150
2013-08-27 13:32:20,91
2013-08-27 16:16:36,24
2013-08-28 09:10:37,129
2013-08-28 13:35:52,105
2013-08-28 13:50:02,1
2013-08-29 08:55:32,123
2013-08-29 13:31:46,5
2013-08-29 15:03:10,1
2013-08-29 16:27:14,3
2013-08-30 09:01:29,13
2013-08-30 09:25:58,19
2013-08-30 09:28:39,1
2013-08-30 13:28:05,75
2013-09-02 10:38:25,178
2013-09-03 08:32:35,157
2013-09-03 11:55:08,1
2013-09-05 14:14:42,1
2013-09-13 21:25:59,1
2013-10-07 08:51:44,1
2013-10-10 10:08:21,5
2013-10-14 12:28:49,3
2013-10-15 10:39:53,4
2013-10-16 09:18:09,11
2013-10-17 13:47:48,17
2013-10-18 08:24:43,7
2013-10-21 08:37:35,46
2013-10-22 08:21:44,30
2013-10-22 08:46:14,27
2013-10-22 11:20:01,1
2013-10-23 08:24:09,27
2013-10-24 08:27:12,14
2013-10-28 08:36:38,5
2013-10-28 10:05:22,29
2013-10-28 15:28:17,1
2013-10-29 08:30:48,34
2013-10-30 09:51:59,14
2013-10-30 12:30:12,11
2013-11-04 09:31:59,23
2013-11-05 08:23:50,1
2013-11-05 08:35:26,38
2013-11-06 08:34:07,25
2013-11-07 08:31:00,48
2013-11-08 08:26:27,39
2013-11-08 14:26:51,7
2013-11-11 04:35:27,2
2013-11-12 08:40:48,49
2013-11-13 08:32:03,33
2013-11-14 08:27:08,17
2013-11-14 13:39:44,10
2013-11-18 08:35:50,17
2013-11-19 08:28:18,28
2013-11-19 13:43:15,10
2013-11-20 08:18:45,33
2013-11-26 12:16:31,4
2013-11-27 08:22:16,12
2013-11-28 08:22:39,5
2013-11-29 08:25:02,10
2013-12-02 11:42:18,7
2013-12-03 15:37:00,2
2013-12-10 15:32:36,1
2013-12-12 08:32:07,9
2013-12-17 14:24:41,3
2014-01-02 09:46:20,2
2014-01-02 21:21:09,1
2014-01-03 10:19:20,30
2014-01-06 09:50:57,24
2014-01-07 09:20:10,2
2014-01-14 20:45:01,1
2014-01-15 12:13:05,1
2014-01-20 13:10:01,1
2014-01-20 13:13:31,1
2014-02-28 10:55:01,29
2014-03-03 09:45:01,101
2014-03-03 14:02:15,43
2014-03-11 08:40:26,5
2014-03-18 10:53:16,17
2014-03-20 11:30:14,38
2014-03-20 14:27:12,2
2014-03-21 07:02:55,26
2014-03-21 12:35:25,1
2014-03-25 08:57:35,4
2014-04-02 15:38:29,1
2014-04-22 11:05:18,1
2014-04-28 09:43:48,10
2014-04-29 08:10:54,1
2014-04-29 08:20:47,6
2014-04-30 10:03:42,10
2014-04-30 14:20:19,3
2014-05-06 08:47:16,1
2014-05-09 08:57:32,2
2014-05-14 11:23:27,1
2014-05-20 21:22:10,1
2014-05-27 09:51:18,2
2014-06-02 14:41:52,2
2014-06-03 09:12:21,5
2014-06-11 14:03:47,1
2014-06-19 09:25:59,2
2014-06-25 10:47:36,1
2014-06-30 10:47:47,1
2014-07-01 09:10:50,1
2014-07-01 13:48:20,1
2014-07-15 08:51:40,2
2014-07-16 16:07:15,1
2014-07-17 11:57:16,1
2014-07-22 10:07:15,130
2014-07-23 12:23:12,3
2014-07-24 09:50:29,2
2014-07-25 13:34:31,1
2014-07-29 12:38:56,1
2014-08-01 10:38:58,1
2014-08-04 09:06:35,21
2014-08-04 14:34:00,1
2014-08-05 09:05:52,60
2014-08-05 09:41:10,3
2014-08-05 09:46:45,21
2014-08-06 08:16:21,7
2014-08-06 09:15:32,8
2014-08-06 09:34:36,16
2014-08-06 10:09:34,19
2014-08-06 13:50:51,73
2014-08-06 16:54:41,1
2014-08-07 09:08:33,23
2014-08-07 09:12:41,296
2014-08-07 09:35:00,20
2014-08-08 00:38:00,1
2014-08-08 09:10:36,88
2014-08-08 11:54:41,19
2014-08-11 09:07:33,39
2014-08-11 09:11:15,65
2014-08-11 11:05:09,1
2014-08-11 14:25:55,1
2014-08-12 09:04:55,71
2014-08-13 09:28:55,1
2014-08-13 12:46:39,32
2014-08-13 16:46:17,2
2014-08-14 08:59:03,8
2014-08-14 09:14:39,76
2014-08-18 09:00:40,17
2014-08-18 09:16:53,59
2014-08-19 09:07:05,553
2014-08-19 14:23:30,55
2014-08-22 09:35:43,2
2014-08-25 20:46:12,1
2014-08-25 21:02:47,16
2014-08-26 10:02:54,1
2014-08-28 09:34:43,3
2014-08-29 09:05:05,1
2014-08-29 09:07:53,41
2014-08-29 11:20:16,54
2014-08-29 12:22:16,25
2014-09-07 19:36:36,1
2014-09-08 09:32:23,1
2014-09-09 09:12:23,1
2014-09-09 10:16:11,1
2014-10-02 11:32:41,2
2014-10-15 03:55:49,1
2014-10-17 11:18:33,3
2014-10-28 17:24:54,2
2014-11-02 05:20:44,1
2014-11-02 17:23:49,6
2014-11-04 21:37:38,8
2014-11-05 13:58:01,1
2014-11-07 18:30:44,3
2014-11-08 23:19:51,4
2014-11-09 17:00:52,1
2014-11-10 10:04:16,1
2014-11-19 14:16:21,1
2014-11-20 02:45:41,1
2014-11-26 13:39:51,2132
2014-11-28 08:25:29,3
2014-12-01 11:51:57,55
2014-12-03 10:52:07,21
2014-12-05 05:33:53,1
2014-12-18 11:19:52,1
2015-01-11 10:39:29,1
2015-01-14 14:07:54,18
2015-01-20 13:39:13,1
2015-01-20 16:42:58,2
2015-01-21 08:26:34,3
2015-01-21 10:10:28,1
2015-01-21 13:10:33,2
2015-01-22 09:07:14,5
2015-01-22 12:03:35,11
2015-01-23 08:55:18,18
2015-01-26 09:03:47,2
2015-01-27 11:44:59,1
2015-02-04 09:26:22,4
2015-02-18 14:33:04,1
2015-02-19 13:59:44,1
2015-02-19 15:56:04,1
2015-02-19 21:23:15,1
2015-02-25 14:37:55,1
2015-02-26 11:27:12,2
2015-02-27 11:50:08,2
2015-03-03 16:07:29,1
2015-03-04 15:11:19,1
2015-03-05 11:31:40,2
2015-04-07 16:24:35,2
2015-04-21 17:58:40,1
2015-05-20 10:04:16,8
2015-05-20 14:35:22,1
2015-05-21 15:24:43,65
2015-05-21 15:31:33,11074
2015-05-21 16:16:42,52
2015-05-22 21:35:18,369
2015-05-27 13:26:03,30
2015-05-28 11:54:15,11
2015-06-01 11:30:20,610
2015-06-02 14:10:18,1
2015-06-03 14:08:55,2
2015-06-04 09:16:14,7
2015-06-04 10:08:59,1
2015-06-04 11:55:11,1
2015-06-08 13:49:05,2
2015-06-09 08:21:44,31
2015-06-10 08:50:22,1
2015-06-11 11:16:33,9
2015-06-18 09:37:27,9
2015-06-22 14:07:21,1
2015-06-23 10:00:29,1
2015-07-08 14:06:21,4
2015-07-09 08:23:53,9
2015-07-15 11:20:26,1
2015-07-17 09:42:35,12
2015-07-29 08:51:16,2
2015-07-30 15:13:50,1
2015-08-04 09:42:47,14
2015-08-04 11:57:48,31
2015-08-06 15:21:04,1
2015-08-10 08:27:27,1
2015-08-11 08:13:56,1
2015-08-11 09:16:49,4
2015-08-12 08:49:51,9
2015-08-13 08:26:24,5
2015-08-14 08:49:52,2
2015-08-20 15:26:22,1
2015-08-21 09:23:42,1
2015-08-25 10:07:31,1
2015-08-28 08:11:41,3
2015-08-31 11:08:56,2
2015-08-31 16:28:50,2
2015-09-01 08:16:39,2
2015-09-02 09:22:25,1
2015-09-04 11:26:06,1
2015-09-08 10:22:49,1
2015-09-15 14:30:30,1
2015-09-17 13:23:57,22
2015-09-21 09:31:14,1
2015-09-22 08:31:14,5
2015-09-23 13:35:28,1
2015-09-25 10:12:04,1
2015-09-28 09:27:28,1
2015-09-29 15:49:39,1
2015-10-01 13:15:43,1
2015-10-05 08:19:42,2
2015-10-06 09:23:24,1
2015-11-16 08:40:07,5
2015-11-18 10:42:55,2
2015-11-30 08:56:27,1
2015-12-16 09:34:25,1
2015-12-21 14:36:04,1
2016-01-13 20:25:41,1
2016-01-20 18:38:51,1
2016-01-21 22:23:08,1
2016-02-15 16:12:31,1
2016-02-23 14:44:11,1
2016-03-01 10:05:35,4
2016-03-01 14:47:07,3
2016-03-08 09:16:58,1
2016-03-18 18:43:05,3
2016-03-21 21:20:27,1
2016-03-21 21:26:32,1
2016-04-04 15:25:09,1
2016-04-04 17:41:02,1
2016-04-06 11:26:23,6
2016-04-07 08:37:44,6
2016-04-07 13:54:37,54
2016-04-08 09:16:30,25
2016-04-16 16:54:49,1
2016-04-19 12:40:40,2
2016-04-21 13:15:31,1
2016-04-23 14:57:37,109
2016-04-23 15:22:42,3537
2016-04-28 13:39:31,3
2016-05-02 13:18:44,1
2016-05-09 02:52:12,1
2016-05-12 15:02:29,1
2016-05-17 10:19:29,1
2016-05-18 13:52:21,2
2016-05-18 22:18:17,1
2016-05-19 11:06:09,1
2016-05-20 09:23:03,1
2016-05-20 14:23:36,1
2016-05-23 12:41:39,4
2016-05-24 08:44:17,4
2016-05-26 14:22:47,3
2016-05-27 09:04:57,1
2016-05-30 09:34:12,1
2016-05-31 11:35:39,3
2016-05-31 15:41:46,1
2016-06-01 11:54:24,3
2016-06-02 09:47:01,1
2016-06-02 10:16:58,1
2016-06-17 09:25:31,1
2016-06-28 09:22:39,1
2016-06-28 09:47:20,1
2016-06-28 13:49:15,2
2016-06-28 14:41:03,1
2016-06-30 09:16:15,2
2016-07-05 12:01:10,2
2016-07-08 16:58:46,1
2016-07-14 17:39:57,1
2016-07-15 22:32:25,1
2016-07-25 11:37:57,1
2016-08-01 16:45:56,1
2016-08-01 17:35:42,1
2016-08-02 08:42:14,1
2016-08-02 13:48:59,1
2016-08-02 14:21:02,1
2016-08-05 09:15:03,1
2016-08-11 14:03:52,1
2016-09-12 12:28:58,4
2016-09-15 09:43:26,2
2016-09-16 15:30:37,2
2016-09-18 11:49:20,1
2016-09-20 18:05:24,1
2016-09-22 14:02:46,1
2016-09-26 12:09:05,3
2016-10-10 16:41:05,1
2016-10-18 16:07:53,1
2016-10-25 10:23:13,1
2016-10-25 16:15:36,4
2016-10-26 10:50:19,10
2016-11-09 10:00:40,9
2016-11-12 18:03:05,1
2016-11-18 10:58:22,1
2016-11-28 10:30:08,17
2016-11-28 13:23:29,2
2016-11-29 10:32:27,1
2016-12-06 12:38:10,21
2016-12-16 23:14:51,551
2017-01-16 09:48:28,2
2017-01-18 17:22:03,99
2017-01-20 08:02:28,1
2017-01-27 10:27:57,2
2017-02-03 14:11:49,6
2017-02-03 15:22:30,2
2017-02-22 13:32:41,1
2017-02-27 06:46:23,1
2017-02-27 09:34:51,1
2017-02-28 08:42:54,1
2017-03-13 13:37:32,2
2017-03-15 15:08:14,2
2017-03-17 14:09:36,244
2017-03-22 16:22:16,1
2017-04-03 10:06:00,4
2017-04-11 11:04:50,1
2017-04-24 15:30:26,1
2017-04-25 09:56:40,1
2017-04-25 12:29:57,2
2017-04-26 09:03:50,1
2017-05-02 09:04:04,1
2017-05-03 08:31:09,1
2017-05-11 09:01:33,1
2017-05-21 09:59:13,1
2017-05-22 12:25:53,1
2017-05-22 16:22:47,2
2017-05-24 10:39:20,1
2017-05-24 10:44:06,1
2017-06-02 15:31:06,1
2017-06-12 23:31:32,1
2017-06-15 20:05:13,1
2017-06-19 08:09:35,1
2017-06-21 11:27:16,1
2017-07-09 23:32:16,1
2017-07-14 09:37:28,1
2017-07-14 09:44:19,2
2017-07-31 09:16:32,5
2017-08-11 09:12:31,2
2017-08-11 15:49:05,1
2017-09-05 13:53:58,10
2017-09-05 14:40:30,2
2017-09-06 14:10:29,1
2017-09-13 15:45:24,8
2017-09-14 08:24:19,18
2017-09-14 09:21:01,3
2017-09-18 14:47:03,237
2017-09-19 14:11:19,1
2017-10-17 11:15:41,12
2017-10-17 13:56:18,5
2017-11-20 08:34:46,1
2018-01-04 10:27:57,1
2018-01-30 13:51:38,1
2018-02-08 12:44:40,1
2018-02-15 12:48:38,2
2018-02-19 08:46:10,1
2018-02-19 10:59:48,13
2018-03-01 16:42:26,200
2018-03-07 11:51:46,34
2018-03-16 10:21:59,2
2018-03-16 18:07:12,1
2018-03-20 08:30:40,1
2018-04-04 13:18:37,1
2018-04-11 13:39:58,1
2018-04-13 11:52:48,1
2018-04-23 11:51:45,1
2018-04-26 08:49:28,1
2018-05-15 09:34:35,1
2018-05-16 09:33:09,1
2018-05-17 16:49:22,200
2018-05-18 16:26:27,1
2018-05-20 09:17:04,1
2018-05-23 17:32:19,4131
2018-05-23 17:36:52,192
2018-05-29 10:33:48,1827
2018-06-18 10:38:40,2
2018-06-20 11:20:45,4
2018-06-25 14:23:13,2
2018-07-20 12:04:55,1
2018-07-31 10:55:34,2
2018-07-31 15:05:28,24
2018-08-14 09:51:14,1
2018-08-24 15:56:41,217
2018-09-06 16:29:12,1
2018-09-07 11:59:17,3
2018-09-08 12:15:00,1
2018-09-13 16:53:11,116
2018-09-23 22:43:15,2
2018-09-24 17:48:46,1
2018-10-04 18:20:33,1
2018-10-15 10:42:09,4
2018-10-15 14:05:34,19
2018-10-17 13:49:36,2
2018-10-18 09:31:18,6
2018-10-18 14:48:03,1
2018-10-18 16:25:06,1339
2018-10-19 10:56:10,1
2018-10-19 12:18:03,12
2018-10-22 17:22:36,2
2018-10-23 09:37:48,3
2018-10-25 15:00:19,1
2018-10-26 03:58:01,6
2018-10-29 09:44:17,15
2018-10-30 10:25:05,4
2018-11-27 14:41:29,3
2018-12-03 14:19:11,1
2018-12-20 10:50:04,1
2019-01-17 21:24:50,66
2019-02-01 15:44:36,7
2019-02-25 16:28:37,1
2019-03-06 10:36:00,1
2019-03-27 13:48:49,9
2019-03-28 07:59:49,19
2019-04-06 13:23:36,2
2019-04-19 15:08:00,1
2019-05-08 22:24:13,1
2019-05-13 13:26:55,18
2019-05-15 02:08:08,126
2019-05-15 09:56:37,1
2019-05-20 12:02:40,2
2019-05-21 01:34:02,25
2019-05-27 15:51:18,18
2019-05-28 14:11:10,6
2019-05-29 10:43:43,2
2019-06-11 13:29:34,1
2019-06-17 11:05:47,1
2019-06-18 14:40:35,2
2019-06-20 17:15:55,2
2019-06-24 11:47:59,1
2019-07-02 14:28:46,1
2019-07-05 13:20:13,554
2019-07-16 09:50:46,1
2019-07-22 16:21:22,69
2019-07-22 16:27:25,3251
2019-07-22 17:22:41,2
2019-07-23 08:23:55,1
2019-08-23 14:18:26,22
2019-08-30 21:52:37,1
2019-09-13 15:07:03,4
2019-10-09 09:24:46,2
2019-10-21 14:12:32,1
2019-11-20 22:04:20,848
2019-11-21 11:41:13,13
2019-11-22 10:23:31,6
2019-11-26 16:34:53,1
2019-11-26 17:07:23,1
2019-11-27 09:28:00,1
2020-01-15 14:07:12,4
2020-01-16 09:12:09,1
2020-01-16 15:12:57,7
2020-01-17 10:38:59,1
2020-01-20 14:59:58,1
2020-01-20 16:00:01,1
2020-01-23 13:38:31,16
2020-01-24 12:15:33,1
2020-02-03 13:19:14,4
2020-02-04 14:03:39,11
2020-02-27 12:14:28,14
2020-03-05 12:19:41,1
2020-03-09 11:15:57,1
2020-03-10 12:33:05,1
2020-03-20 09:02:53,3
2020-03-20 17:00:20,2
2020-03-24 09:47:18,2
2020-03-24 11:18:45,10
2020-03-27 12:00:35,9
2020-03-30 09:56:35,1
2020-04-16 11:58:00,1
2020-04-20 14:09:02,1
2020-04-21 12:03:40,357
2020-04-27 15:09:54,2
2020-04-28 10:43:35,1
2020-04-29 17:06:26,5
2020-05-04 17:21:16,1
2020-05-07 14:04:45,12
2020-05-08 00:45:32,425
2020-05-12 14:46:57,4
2020-05-13 09:03:01,1
2020-05-14 10:17:41,1
2020-05-17 17:35:31,7
